model,RMSE,MAE,R2,MAPE
ANN,27.367342344207888,20.081486595769377,0.8656960019751736,4.497822967243085
Linear Regression,42.11929112780727,39.013385282806766,0.6818837912095694,8.859036497750287
XGBoost,64.74066800573726,56.06666819254557,0.24841510415832113,11.807749737260345
ARIMA,88.16037937761143,64.01220580817848,-0.39370414641386575,12.56339314228093
LSTM,94.96370118869643,77.32445942937865,-0.6171077442399315,16.38449820545671
